<root>
  <dO>
    <name>destroyer_alpha</name>
    <properties>
      <y>564.5</y>
      <x>182</x>
    </properties>
  </dO>
  <dO>
    <name>carrier_alpha</name>
    <properties>
      <y>482.5</y>
      <x>564</x>
    </properties>
  </dO>
  <dO>
    <name>enemy_attack_bar</name>
    <properties>
      <y>389</y>
      <x>697</x>
    </properties>
  </dO>
  <dO>
    <name>submarine_alpha</name>
    <properties>
      <y>565</y>
      <x>340.5</x>
    </properties>
  </dO>
  <dO>
    <name>costBar</name>
    <properties>
      <y>358</y>
      <x>3</x>
    </properties>
  </dO>
  <dO>
    <name>my_attack_bar</name>
    <properties>
      <y>389</y>
      <x>3</x>
    </properties>
  </dO>
  <dO>
    <name>my_hp_bar</name>
    <properties>
      <y>372</y>
      <x>3</x>
    </properties>
  </dO>
  <dO>
    <name>cruiser_alpha</name>
    <properties>
      <y>565</y>
      <x>523</x>
    </properties>
  </dO>
  <dO>
    <name>carrier_attackSquaresContainer</name>
    <properties>
      <y>45</y>
      <x>1</x>
    </properties>
  </dO>
  <dO>
    <name>hp_bar</name>
    <properties>
      <y>372</y>
      <x>2</x>
    </properties>
  </dO>
  <dO>
    <name>patrol_alpha</name>
    <properties>
      <y>482.5</y>
      <x>340.5</x>
    </properties>
  </dO>
  <dO>
    <name>carrier_costSquaresContainer</name>
    <properties>
      <y>-15.5</y>
      <x>158</x>
    </properties>
  </dO>
  <dO>
    <name>done_button</name>
    <properties>
      <y>342</y>
      <x>340.5</x>
    </properties>
  </dO>
  <dO>
    <name>battleship_alpha</name>
    <properties>
      <y>482.5</y>
      <x>169</x>
    </properties>
  </dO>
  <dO>
    <name>carrier_sideView</name>
    <properties>
      <y>-3</y>
      <x>2</x>
    </properties>
  </dO>
  <dO>
    <name>carrierTxt</name>
    <properties>
      <y>-29</y>
      <x>1</x>
    </properties>
  </dO>
  <dO>
    <name>attack_bar</name>
    <properties>
      <y>389</y>
      <x>2</x>
    </properties>
  </dO>
  <dO>
    <name>enemy_hp_bar</name>
    <properties>
      <y>372</y>
      <x>697</x>
    </properties>
  </dO>
</root>